id,pose_x,pose_y,pose_z,rot_x,rot_y,rot_z,rot_w,command,
0,0.616649,-5.52947,0,0,0,0.410575,0.911827,
1,3.50645,-4.40867,0,0,0,0.828922,0.559364,
2,4.59636,-1.73636,0,0,0,-0.991839,0.127494,
3,1.60017,0.034362,0,0,0,-0.930265,0.366889,
4,-0.523772,-2.35628,0,0,0,-0.796524,0.604607,
5,-0.348233,-8.55606,0,0,0,-0.344206,0.938894,
