id,pose_x,pose_y,pose_z,rot_x,rot_y,rot_z,rot_w,command,
0,2.79108,1.00007,0,0,0,0.0163895,0.999866,
1,3.18187,-1.81669,0,0,0,0.0500375,0.998747,
2,3.46684,-4.70586,0,0,0,0.00662063,0.999978,
3,3.11271,-0.766384,0,0,0,0.0595184,0.998227,
4,2.6472,3.42696,0,0,0,0.0118834,0.999929,
5,2.3483,7.52818,0,0,0,0.00142866,0.999999,
6,2.37569,3.71704,0,0,0,0.0106665,0.999943,
